Series_Title,rating
Gentlemen Prefer Blondes,5.0
Anchorman: The Legend of Ron Burgundy,5.0
The Pillow Book,5.0
Once Upon a Time in Mexico,5.0
Around the World in Eighty Days,5.0
Nothing Like the Holidays,5.0
De Dominee,5.0
The Return of Doctor X,5.0
Ninotchka,5.0
Night Without Sleep,5.0
Nick of Time,5.0
Nicht versöhnt oder Es hilft nur Gewalt wo Gewalt herrscht,5.0
Denis Leary: No Cure for Cancer,5.0
The Specialist,5.0
Murder in Three Acts,5.0
Mud,5.0
The Wizard,5.0
A Countess from Hong Kong,5.0
American Mullet,5.0
Masumiyet,5.0
Long Pigs,5.0
Lion of the Desert,5.0
Duel of Hearts,5.0
Violeta se fue a los cielos,5.0
Les neiges du Kilimandjaro,5.0
Emmas Glück,5.0
L'Homme orchestre,5.0
Aamdani Atthanni Kharcha Rupaiya,5.0
Knight Moves,5.0
"You, Me and Dupree",5.0
A Streetcar Named Desire,5.0
Kismet,5.0
The Others,5.0
The Night of the Hunter,5.0
Orfeu,5.0
Orgazmo,5.0
Bloody Cartoons,5.0
Blindsight,5.0
The Brothers Grimm,5.0
Strangers on a Train,5.0
Breakfast on Pluto,5.0
Brigham City,5.0
The Cosmonaut,5.0
Spider-Man 3,5.0
The Era of Vampires,5.0
The Evil Dead,5.0
Soldier of God,5.0
The Falcon and the Snowman,5.0
The Fifth Musketeer,5.0
Captain America: The First Avenger,5.0
The Game,5.0
The General,5.0
Singin' in the Rain,5.0
Silk,5.0
Silentium,5.0
The Hessen Affair,5.0
Chalte Chalte,5.0
Changeling,5.0
Sense and Sensibility,5.0
Sans soleil,5.0
Rio Bravo,5.0
Cockpit,5.0
Contraluz,5.0
Psychopathia Sexualis,5.0
Prince of Jutland,5.0
JFK,5.0
Mr. Magorium's Wonder Emporium,5.0
Hak bak do,5.0
Interceptor Force 2,5.0
Волк и телёнок,5.0
Festen,5.0
House of Cards,5.0
Frank Herbert's Dune,5.0
Garde à vue,5.0
1408,5.0
History Is Made at Night,5.0
杀生,5.0
Gadjo Dilo,5.0
29th Street,5.0
Il giardino dei Finzi Contini,5.0
海洋天堂,5.0
8:46,5.0
Sade,4.75
I Woke Up Early The Day I Died,4.75
Wuthering Heights,4.75
Blondie Knows Best,4.75
Elizabeth,4.75
Absolon,4.75
Dreamland,4.75
Speed Racer,4.75
오직 그대만,4.75
The End of Poverty?,4.75
Match Point,4.75
Blown Away,4.7
도쿄!,4.666666666666667
Taxi,4.666666666666667
O' Horten,4.666666666666667
Laura,4.636363636363637
Before Sunset,4.625
Backdraft,4.583333333333333
Far from the Madding Crowd,4.541666666666667
Stalag 17,4.5
The Ring,4.5
Now and Forever,4.5
Prep & Landing,4.5
Mirror Mirror,4.5
仁義なき戦い,4.5
Die Wolke,4.5
Night of the Demons,4.5
Arthur et la vengeance de Maltazard,4.5
Food of the Gods II,4.5
13 Tzameti,4.5
Dirty Harry,4.5
C'est dur d'être aimé par des cons,4.5
I'm Not There.,4.5
Marlowe,4.5
Mandroid,4.5
연가시,4.5
Posti in piedi in paradiso,4.5
口裂け女,4.5
The Sugarland Express,4.5
Naughty @ 40,4.5
Totò Sceicco,4.5
Dan in Real Life,4.5
The Other Side of the Mountain: Part II,4.5
Carrie,4.5
Holiday For Lovers,4.5
Brooklyn Boheme,4.5
33 sceny z życia,4.5
Moon 44,4.5
I due della legione,4.5
The Skinny,4.5
The Times of Harvey Milk,4.5
Spice World,4.5
Mr. & Mrs. Smith,4.5
Perestroika,4.5
Urban Explorer,4.5
The Enforcer,4.5
Le notti erotiche dei morti viventi,4.5
Hard Candy,4.5
Rock Around the Clock,4.5
Edge of Seventeen,4.5
Small Potatoes: Who Killed the USFL?,4.5
Gremlins,4.5
The Kingdom,4.5
Sky Captain and the World of Tomorrow,4.5
Samsara,4.5
The Incredible Shrinking Man,4.5
野火,4.5
شکارچی,4.5
Берегись автомобиля,4.5
X: The Unknown,4.5
Knocked Up,4.5
Gegen die Wand,4.5
A Christmas Story,4.5
Jackie Brown,4.5
Carts of Darkness,4.5
The Bed-Sitting Room,4.5
Johnny Angel,4.5
Rock 'n' Roll High School,4.5
E la nave va,4.5
Vanilla Sky,4.5
Quinceañera,4.5
Look Back in Anger,4.5
Two-Minute Warning,4.5
அஞ்சாதே,4.5
1724 기방난동사건,4.5
CQ,4.5
Uzak,4.5
The Last Mimzy,4.5
다세포 소녀,4.5
Şaban Oğlu Şaban,4.5
Like Mike 2: Streetball,4.5
Ödipussi,4.5
Breach,4.5
The Cardinal,4.5
Gamera tai daiakuju Giron,4.5
The Gun That Won the West,4.5
Sleepless in Seattle,4.4875
The Million Dollar Hotel,4.487138263665595
Crank,4.458333333333333
Nell,4.448275862068965
Galaxy Quest,4.434210526315789
Exodus,4.416666666666667
Z,4.416666666666667
Kirschblüten - Hanami,4.4
The Howling: New Moon Rising,4.4
Dread,4.4
While You Were Sleeping,4.392857142857143
Die Büchse der Pandora,4.38
トウキョウソナタ,4.375
Bella Bettien,4.375
The Delivery,4.375
Get Shorty,4.375
Lassie Come Home,4.363636363636363
99 francs,4.357142857142857
Birdman of Alcatraz,4.351351351351352
Lonely Hearts,4.3355263157894735
Armed and Dangerous,4.333333333333333
Les Femmes du 6ème étage,4.333333333333333
卧虎藏龙,4.333333333333333
Don's Plum,4.333333333333333
La Boum 2,4.333333333333333
Body Snatchers,4.333333333333333
Paper Man,4.333333333333333
アキラ,4.333333333333333
Bunny Lake Is Missing,4.333333333333333
The Sorcerer's Apprentice,4.333333333333333
Nettoyage à sec,4.333333333333333
10 Items or Less,4.318181818181818
Once Were Warriors,4.30327868852459
Letter from an Unknown Woman,4.3
Children of the Corn IV: The Gathering,4.3
"Je vais bien, ne t'en fais pas",4.3
The Good Thief,4.297101449275362
Dead Man,4.294871794871795
Flags of Our Fathers,4.291666666666667
Le fabuleux destin d'Amélie Poulain,4.291666666666667
The Thomas Crown Affair,4.287709497206704
Hulk,4.285714285714286
Solar Crisis,4.285714285714286
Hard Target,4.277777777777778
The Wanderers,4.269230769230769
My Darling Clementine,4.2631578947368425
Leiutajateküla Lotte,4.261904761904762
Within the Woods,4.260869565217392
Men in Black II,4.256696428571429
Terminator 3: Rise of the Machines,4.256172839506172
Wild in the Country,4.25
Hababam Sınıfı Uyanıyor,4.25
The Holy Mountain,4.25
Irma la Douce,4.25
Free Money,4.25
Basic Training,4.25
In the Mouth of Madness,4.25
Salvatore Giuliano,4.25
Cat Run,4.25
A Máquina,4.25
Jinxed!,4.25
Conquest of Space,4.25
Mildred Pierce,4.25
Stomp the Yard,4.25
Nuit et brouillard,4.25
Footloose,4.25
ドッペルゲンガー,4.25
Still Bill,4.25
Paris is Burning,4.25
The Unforgiven,4.25
Performance,4.25
Die Blechtrommel,4.25
Christmas in Boston,4.25
Into the Wild,4.25
Green Street Hooligans,4.25
Lui è peggio di me,4.25
Love in the Time of Cholera,4.25
Bambi Meets Godzilla,4.25
Straw Dogs,4.25
Class of Nuke 'Em High,4.25
Volver,4.25
Hannibal Rising,4.2368421052631575
Confession of a Child of the Century,4.235537190082645
Dances with Wolves,4.235294117647059
We're No Angels,4.230769230769231
Shriek If You Know What I Did Last Friday the Thirteenth,4.2272727272727275
Mission: Impossible,4.225806451612903
Cool Hand Luke,4.22463768115942
Scarface,4.22457627118644
Army of Darkness,4.222222222222222
A Star Is Born,4.222222222222222
North by Northwest,4.222222222222222
The 39 Steps,4.221649484536083
The First Wives Club,4.214285714285714
House of Boys,4.214285714285714
Space Jam,4.212121212121212
Kindergarten Cop,4.211538461538462
Bonnie and Clyde,4.209677419354839
Murder She Said,4.20952380952381
Rumble Fish,4.208333333333333
eXistenZ,4.208333333333333
Baise-moi,4.208333333333333
Ice Age: The Meltdown,4.205882352941177
Cold Mountain,4.204545454545454
Hour of the Gun,4.203703703703703
The Talented Mr. Ripley,4.202290076335878
Terminator Salvation,4.2
Tanguy,4.2
Der rote Elvis,4.2
Mr. Smith Goes to Washington,4.2
Totally Blonde,4.195652173913044
La Peau douce,4.195652173913044
Broken Blossoms,4.1953125
The Sixth Sense,4.193548387096774
Le Clan des Siciliens,4.183333333333334
5 Card Stud,4.1825
Аэлита,4.178571428571429
Frau im Mond,4.178571428571429
License to Wed,4.178217821782178
Gremlins 2: The New Batch,4.173913043478261
Beverly Hills Cop III,4.171875
Die Hard: With a Vengeance,4.166666666666667
Pulgasari,4.166666666666667
新最佳拍檔,4.166666666666667
Kammerflimmern,4.166666666666667
The Machinist,4.166666666666667
Puteshestvie s domashnimi zhivotnymi,4.166666666666667
Yella,4.166666666666667
End of the World,4.166666666666667
All Stars,4.166666666666667
পথের পাঁচালী,4.166666666666667
Alice in den Städten,4.166666666666667
Shakespeare in Love,4.166666666666667
Loin,4.166666666666667
Point Break,4.162878787878788
The Rapture,4.16
Broken Flowers,4.159090909090909
빈집,4.157894736842105
The Return of the King,4.153846153846154
Madagascar,4.152777777777778
활,4.15
Roma città aperta,4.145161290322581
Les Vacances de Monsieur Hulot,4.141129032258065
Ghost Rider,4.138461538461539
Солярис,4.1381578947368425
Edward Scissorhands,4.136363636363637
"Cousin, Cousine",4.134920634920635
Sicko,4.133333333333334
Miffo,4.131147540983607
Boat,4.125
The Lost Continent,4.125
Basquiat,4.125
2010,4.125
2 Days in Paris,4.125
Nuits rouges,4.125
Zatōichi kenka-daiko,4.125
"장화, 홍련",4.125
Le roman d'un tricheur,4.125
The Good Shepherd,4.123595505617978
Meet the Robinsons,4.122448979591836
Frankenstein,4.121621621621622
Die Legende von Paul und Paula,4.119047619047619
"Torrente, el brazo tonto de la ley",4.119047619047619
American History X,4.115384615384615
Terminator 2: Judgment Day,4.113636363636363
The Bank Dick,4.111111111111111
Vampire's Kiss,4.111111111111111
Dog Day Afternoon,4.111111111111111
The Angry Red Planet,4.1
Lisbon Story,4.1
LaLehet Al HaMayim,4.1
A Dandy in Aspic,4.1
The Bourne Identity,4.1
Team America: World Police,4.1
Grizzly Man,4.1
Sunshine,4.1
Sous le Sable,4.096
Notes on a Scandal,4.09375
42nd Street,4.090909090909091
Reality Bites,4.090909090909091
"Csillagosok, Katonák",4.090909090909091
Herr Lehmann,4.090909090909091
Doctor Zhivago,4.090909090909091
Adams æbler,4.088235294117647
The Dreamers,4.087837837837838
Phar Lap,4.083333333333333
Bride of Frankenstein,4.083333333333333
Apocalypse Now,4.083333333333333
Dr. Strangelove or: How I Learned to Stop Worrying and Love the Bomb,4.083333333333333
Das Wunder von Bern,4.083333333333333
Straight From the Heart,4.083333333333333
"Die Nibelungen, Teil 1: Siegfried",4.083333333333333
A River Runs Through It,4.071969696969697
Los Olvidados,4.071428571428571
Snakes on a Plane,4.071428571428571
Porgy and Bess,4.071428571428571
Mission: Impossible II,4.066666666666666
Raiders of the Lost Ark,4.0625
Son of Frankenstein,4.055555555555555
彼女の想いで,4.05
Ultimo tango a Parigi,4.05
Cars,4.044117647058823
Red River,4.043478260869565
Bean,4.043478260869565
座頭市,4.040983606557377
In Time,4.04054054054054
The Man with the Golden Arm,4.037671232876712
Beetlejuice,4.036842105263158
Sunset Boulevard,4.035714285714286
Onna no mizûmi,4.033333333333333
Harry Potter and the Philosopher's Stone,4.03030303030303
Haker,4.027777777777778
Local Color,4.025252525252525
Brake,4.020833333333333
Bullitt,4.019230769230769
Young and Innocent,4.018134715025907
Dawn of the Dead,4.014423076923077
Loose Screws,4.013698630136986
Donald Glover: Weirdo,4.0
Love Is a Ball,4.0
Les temps morts,4.0
Lost Highway,4.0
Downhill Racer,4.0
Un Conte de Noël,4.0
Live Nude Girls,4.0
Veer-Zaara,4.0
Drugstore Cowboy,4.0
Liar Liar,4.0
Dudes,4.0
Lethal Weapon 3,4.0
Vicky Cristina Barcelona,4.0
Earth Girls Are Easy,4.0
Les visiteurs du soir,4.0
Désirée,4.0
Voksne mennesker,4.0
Aliens,4.0
Blondie Plays Cupid,4.0
Trois couleurs : Bleu,4.0
Devil Dog: The Hound of Hell,4.0
The System,4.0
Angel Face,4.0
Murder!,4.0
The Squeeze,4.0
National Lampoon's Christmas Vacation,4.0
Anima Mundi,4.0
Annie's Point,4.0
The Secret Life of Words,4.0
"Nick Carter, Master Detective",4.0
The Scarecrow,4.0
Apartment Zero,4.0
Death Line,4.0
Nightwatch,4.0
Deadlier Than the Male,4.0
Nirvana,4.0
Noite Escura,4.0
The Running Man,4.0
Murder Most Foul,4.0
The Transporter,4.0
Triple Cross,4.0
Mr. Jones,4.0
Magyar rapszódia,4.0
Dinner for One,4.0
Memento,4.0
Tomboy,4.0
Three of Hearts,4.0
Merlin,4.0
Les Choses de la vie,4.0
Midnight Cowboy,4.0
They All Laughed,4.0
American Wedding,4.0
Milk Money,4.0
Miss Congeniality,4.0
The X Files,4.0
"The World, the Flesh and the Devil",4.0
The Wild Blue Yonder,4.0
The Weather Man,4.0
More of Me,4.0
Messenger of Death,4.0
Entrapment,4.0
Wanda Sykes: Sick and Tired,4.0
九品芝麻官之白面包靑天,4.0
少林搭棚大師,4.0
Homeless to Harvard: The Liz Murray Story,4.0
天使の恋,4.0
40 Days and 40 Nights,4.0
Flirting with Disaster,4.0
Hotel Rwanda,4.0
Flaming Creatures,4.0
人間の條件　第３部望郷篇／第４部戦雲篇,4.0
Fixing Frank,4.0
Hum Dil De Chuke Sanam,4.0
Wee Willie Winkie,4.0
Humoresque,4.0
I Magliari,4.0
I Spy Returns,4.0
スカイハイ 劇場版,4.0
สุริโยไท,4.0
95 Miles to Go,4.0
Турецкий гамбит,4.0
Feng sheng,4.0
Idioterne,4.0
3 hommes et un couffin,4.0
Histoire d'O,4.0
High Fidelity,4.0
Harry Potter and the Half-Blood Prince,4.0
Gaslight,4.0
'Twas the Night Before Christmas,4.0
Garden State,4.0
00 Schneider - Jagd auf Nihil Baxter,4.0
12 Angry Men,4.0
Gone Baby Gone,4.0
"Grandview, U.S.A.",4.0
Full Metal Jacket,4.0
15 Minutes,4.0
16 Blocks,4.0
공동경비구역 JSA,4.0
鎗王之王,4.0
真夜中の弥次さん喜多さん,4.0
新平家物語,4.0
Fraternity Demon,4.0
Harold's Going Stiff,4.0
Franklyn,4.0
Harper,4.0
Harry Brown,4.0
Il Boom,4.0
Il gattopardo,4.0
Illusions funambulesques,4.0
Et Dieu… créa la femme,4.0
Erreur de la banque en votre faveur,4.0
You Are Not I,4.0
L'Auberge espagnole,4.0
Equilibrium,4.0
Noodle,4.0
L'art d'aimer,4.0
Wizards of Waverly Place: The Movie,4.0
Wild Orchid,4.0
Across the Universe,4.0
La Proie,4.0
La lupa mannara,4.0
Ladrones,4.0
El verdugo,4.0
Landru,4.0
Addams Family Values,4.0
Le Silence de Lorna,4.0
Le couple témoin,4.0
Ein Lied von Liebe und Tod – Gloomy Sunday,4.0
"Welcome Home, Roxy Carmichael",4.0
A Pyromaniac's Love Story,4.0
Evening,4.0
Не горюй!,4.0
Evil Alien Conquerors,4.0
Fantômas se déchaîne,4.0
Être et avoir,4.0
Fanaa,4.0
Family Plot,4.0
J'ai pas sommeil,4.0
¡Three Amigos!,4.0
Jackass: The Movie,4.0
A History of Violence,4.0
Failure to Launch,4.0
Jakob der Lügner,4.0
Zombi 2,4.0
Zolushka,4.0
Johnny Mad Dog,4.0
Johnny cien pesos,4.0
Zardoz,4.0
Junebug,4.0
Just Visiting,4.0
K-PAX,4.0
Zabriskie Point,4.0
Non pensarci,4.0
Derailed,4.0
The Rules of Attraction,4.0
Cesta do pravěku,4.0
Children of the Corn 666: Isaac's Return,4.0
"Cherry, Harry & Raquel!",4.0
The Jazz Singer,4.0
Scott Walker: 30 Century Man,4.0
Sedmikrásky,4.0
Shadow Run,4.0
The Hunt for Red October,4.0
Cavegirl,4.0
The Mask,4.0
The Holy Modal Rounders: Bound to Lose,4.0
Catch a Fire,4.0
The Harrad Experiment,4.0
Shanghai Ghetto,4.0
Shine a Light,4.0
Short Cuts,4.0
Sin City: A Dame to Kill For,4.0
Batman Begins,4.0
Sarfarosh,4.0
The Lady Eve,4.0
Cinderella Liberty,4.0
The Magnificent Seven,4.0
Badlands,4.0
The Magdalene Sisters,4.0
"Rag. Arturo De Fanti, bancario precario",4.0
The Lord of the Rings,4.0
Rang Birangi,4.0
Rear Window,4.0
The Liquidator,4.0
Red Dawn,4.0
Clerks II,4.0
Clerks,4.0
Ring of Fire II: Blood and Steel,4.0
The Least of These,4.0
River of No Return,4.0
The Last King of Scotland,4.0
Carriers,4.0
Sister Act 2: Back in the Habit,4.0
Carmen Jones,4.0
The Country Girl,4.0
The Company She Keeps,4.0
The Chosen,4.0
The Celluloid Closet,4.0
"Synecdoche, New York",4.0
"Tarzan, the Ape Man",4.0
The Blue Lagoon,4.0
Taxi Driver,4.0
Bogus,4.0
Tenue de soirée,4.0
The Birds,4.0
Blue Velvet,4.0
Blondie Goes Latin,4.0
Bloodbath at the House of Death,4.0
Blood River,4.0
The Badge,4.0
Stop-Loss,4.0
Stick,4.0
Card Subject To Change,4.0
Big River Man,4.0
Soccer Dog: The Movie,4.0
The Flintstones in Viva Rock Vegas,4.0
The Final Cut,4.0
Soldaat van Oranje,4.0
Cannibal Holocaust,4.0
Calling Dr. Gillespie,4.0
Cabra Marcado Para Morrer,4.0
Spaceballs,4.0
Betty Blowtorch: And Her Amazing True Life Adventures,4.0
Bushwhacked,4.0
The Dream Catcher,4.0
Squadra antimafia,4.0
Star Trek: Insurrection,4.0
Star Trek: Nemesis,4.0
The Day of the Locust,4.0
The Man I Love,4.0
Batman,4.0
Shanghai Express,4.0
On Her Majesty's Secret Service,4.0
Pirates of the Caribbean: Dead Man's Chest,4.0
Odette Toulemonde,4.0
Das Leben der Anderen,4.0
Pirates of the Caribbean: At World's End,4.0
Pickpocket,4.0
B. Monkey,4.0
Away from Her,4.0
Oh Dem Watermelons,4.0
Park Row,4.0
The Mexican,4.0
Once,4.0
The Mostly Unfabulous Social Life of Ethan Green,4.0
Pale Rider,4.0
Da Xiao Jiang Hu,4.0
The Mothman Prophecies,4.0
Attack of the Killer Tomatoes!,4.0
One Fine Day,4.0
Open Range,4.0
Crossing Delancey,4.0
Dangerous Game,4.0
Babysitter Wanted,4.0
The Quiet Man,4.0
De Noorderlingen,4.0
The Real McCoy,4.0
The Message,4.0
The Private Lives of Pippa Lee,4.0
Day of the Reaper,4.0
The Prisoner of Zenda,3.995833333333333
An Unfinished Life,3.988888888888889
Torrente 2: Misión en Marbella,3.984375
The Green Mile,3.9833333333333334
Fools Rush In,3.982905982905983
殯の森,3.980769230769231
Out of Rosenheim,3.977272727272727
Vesničko má středisková,3.975
True Romance,3.973684210526316
The Lady Vanishes,3.973684210526316
Changing Lanes,3.9722222222222223
My Name Is Bruce,3.966386554621849
Blood: The Last Vampire,3.9661016949152543
Frankenstein Created Woman,3.9655172413793105
Rebecca,3.963302752293578
Astérix aux Jeux Olympiques,3.963235294117647
Das wilde Leben,3.962962962962963
La Chienne,3.9615384615384617
Rocky,3.9615384615384617
Le Grand Bleu,3.9565217391304346
Der Tunnel,3.9545454545454546
Wilbur begår selvmord,3.9545454545454546
Bringing Up Baby,3.9545454545454546
The Powerpuff Girls Movie,3.9545454545454546
Sissi,3.9530516431924885
Boogie Nights,3.9517543859649122
The Mist,3.95
Nostalghia,3.95
Stranger Than Fiction,3.9489795918367347
Dancer in the Dark,3.9488636363636362
The Big Sleep,3.946969696969697
Neues vom Wixxer,3.945945945945946
Trois couleurs : Rouge,3.9451754385964914
Say Anything...,3.945026178010471
Keeping the Faith,3.9444444444444446
Monsieur Batignole,3.9444444444444446
Longitude,3.942622950819672
Don Q Son of Zorro,3.9423076923076925
Catwoman,3.9411764705882355
Enough,3.9404761904761907
Alien,3.9375
Forrest Gump,3.9375
L'important c'est d'aimer,3.9375
Lord of Illusions,3.9375
Barton Fink,3.9375
Der bewegte Mann,3.9375
Escape from New York,3.9375
The Shipping News,3.9347826086956523
The Thirteenth Floor,3.9338235294117645
三枪拍案惊奇,3.9324324324324325
Berlin: Die Sinfonie der Grosstadt,3.9318181818181817
The Curse of Frankenstein,3.9285714285714284
Liberty Stands Still,3.9285714285714284
Cesare deve morire,3.9285714285714284
The Big Parade,3.9285714285714284
The Bachelor,3.926470588235294
Horrible Bosses,3.925
The Door in the Floor,3.925
The Dark,3.9244186046511627
Closer,3.9242424242424243
Sophie Scholl – Die letzten Tage,3.923076923076923
Postal,3.9210526315789473
Dear Frankie,3.9210526315789473
Comanche Station,3.9193548387096775
City Lights,3.9166666666666665
Very Annie Mary,3.9166666666666665
The Halliday Brand,3.9166666666666665
Pulp Fiction,3.9166666666666665
The Bourne Supremacy,3.9150943396226414
"Murder, My Sweet",3.9130434782608696
L'Homme de Rio,3.910958904109589
Dr. Jekyll and Mr. Hyde,3.9107142857142856
Hollywoodland,3.91025641025641
Lucky You,3.909090909090909
Barda,3.909090909090909
The Great American Girl Robbery,3.9078947368421053
Stand by Me,3.9038461538461537
48 Hrs.,3.9025
Мой сводный брат Франкенштейн,3.9
The Yes Men,3.9
The Kite Runner,3.9
INLAND EMPIRE,3.9
Cinderella Man,3.9
Impostor,3.9
"Air: Eating, Sleeping, Waiting and Playing",3.9
The Fairy King Of Ar,3.9
Wizards of the Lost Kingdom,3.9
Rise of the Zombies,3.9
Southland Tales,3.9
Ein Freund von mir,3.9
Fever Pitch,3.8969072164948453
Indochine,3.892857142857143
Curtains,3.888888888888889
Gerry,3.8870967741935485
Mosura tai Gojira,3.886861313868613
A Brief History of Time,3.8863636363636362
Street Kings,3.8859649122807016
And Then There Were None,3.8846153846153846
Lethal Weapon 2,3.8846153846153846
Flashdance,3.8846153846153846
Judgment Night,3.8846153846153846
Léon,3.8823529411764706
Le Bossu,3.8813559322033897
Best Worst Movie,3.880952380952381
Interview with the Vampire,3.88
Lili Marleen,3.879032258064516
Bandyta,3.877551020408163
Memoirs of a Geisha,3.875
Lethal Weapon,3.875
Cul-de-sac,3.875
La fonte des neiges,3.875
Dupont Lajoie,3.875
Bridesmaids,3.875
"I, Robot",3.875
Cruel Intentions 3,3.875
Ice Age,3.875
Wet Hot American Summer,3.875
Flash Gordon,3.875
Qualunquemente,3.875
Tron,3.875
Non c'è due senza quattro,3.875
Five Bloody Graves,3.875
My Best Friend's Wedding,3.8714285714285714
Finding Neverland,3.8703703703703702
8 femmes,3.8676470588235294
Ken Park,3.8636363636363638
Les Cousins,3.8636363636363638
The Golden Compass,3.861842105263158
Strange Days,3.861111111111111
Bad Boys II,3.861111111111111
Prime,3.857142857142857
Menschen am Sonntag,3.857142857142857
Angel Heart,3.857142857142857
Utvandrarna,3.857142857142857
Adaptation.,3.857142857142857
The Remains of the Day,3.8518518518518516
The Out-of-Towners,3.8513513513513513
The King of Comedy,3.85
Idle Hands,3.85
Jacob's Ladder,3.848314606741573
The Mummy Returns,3.8461538461538463
The Searchers,3.844
The Magnificent Ambersons,3.84375
Bridge to Terabithia,3.8393939393939394
The Elephant Man,3.838709677419355
Shall We Dance?,3.8333333333333335
"10,000 BC",3.8333333333333335
Star Trek: The Motion Picture,3.8333333333333335
Kettle of Fish,3.8333333333333335
Prizzi's Honor,3.8333333333333335
Deep Impact,3.8333333333333335
Kevin Hart: Laugh at My Pain,3.8333333333333335
Blindness,3.8333333333333335
Lost Horizon,3.8333333333333335
Open Season,3.8333333333333335
Hardcover,3.8333333333333335
Yamakasi - Les samouraïs des temps modernes,3.8333333333333335
Bill & Ted's Bogus Journey,3.8333333333333335
Out of the Past,3.8333333333333335
Cosa avete fatto a Solange?,3.8333333333333335
The Sentinel,3.8333333333333335
Der Totmacher,3.8333333333333335
The Demolitionist,3.8333333333333335
Sedam i po,3.8333333333333335
Wild Tigers I Have Known,3.8333333333333335
The Ghost of Frankenstein,3.8333333333333335
The Glass House,3.8333333333333335
Land des Schweigens und der Dunkelheit,3.8333333333333335
Blondie of the Follies,3.8333333333333335
Carry On Doctor,3.8260869565217392
One Night at McCool's,3.8260869565217392
Letters from Iwo Jima,3.825
The Gift,3.823529411764706
The Island,3.823529411764706
Charlie's Angels,3.8214285714285716
The Chronicles of Riddick: Dark Fury,3.8207547169811322
Walk the Line,3.8181818181818183
Per qualche dollaro in più,3.8181818181818183
Ocean's Eleven,3.8177083333333335
American Graffiti,3.817073170731707
Dollman vs. Demonic Toys,3.8157894736842106
Because I Said So,3.8125
Re-Animator,3.8125
Nichts als Gespenster,3.8125
Don't Look Now,3.8125
Star Trek II: The Wrath of Khan,3.8125
Torrente 3: El protector,3.80327868852459
Meet Me in St. Louis,3.803030303030303
Spy Game,3.8
Milou en Mai,3.8
Office Space,3.8
The Count of Monte-Cristo,3.8
Breaking and Entering,3.8
Arctic Tale,3.8
Good Morning Miss Dove,3.8
Swept from the Sea,3.8
The Lord of the Rings: The Two Towers,3.8
Godzilla,3.8
Spellbound,3.8
Miami Vice,3.8
Un long dimanche de fiançailles,3.7954545454545454
Monsieur Ibrahim et les fleurs du Coran,3.7954545454545454
Mere Brother Ki Dulhan,3.7941176470588234
Anybody's Son Will Do,3.793103448275862
Die Frau mit den 5 Elefanten,3.7916666666666665
Tueur à gages,3.7916666666666665
K-19: The Widowmaker,3.7905405405405403
The Butterfly Effect,3.789855072463768
Crustacés et coquillages,3.7869565217391306
Mar adentro,3.7857142857142856
Delicatessen,3.7857142857142856
Cassandra's Dream,3.7857142857142856
What's New Pussycat?,3.7857142857142856
Rocky Balboa,3.7842105263157895
This Is 40,3.78125
Saw,3.7777777777777777
The Whole Nine Yards,3.7777777777777777
Superstar: The Karen Carpenter Story,3.7777777777777777
Jesus,3.7777777777777777
Mr. Destiny,3.7777777777777777
Batman Returns,3.7775
Secret Agent,3.7738095238095237
A Bridge Too Far,3.7738095238095237
Forces of Nature,3.7734375
Heart of the Country,3.772727272727273
Erbsen auf halb 6,3.772727272727273
Light of Day,3.7653061224489797
Rosemary's Baby,3.7653061224489797
Elementarteilchen,3.764705882352941
Le Boucher,3.764705882352941
The Garden of Eden,3.761904761904762
Young Frankenstein,3.7586206896551726
Free Rainer - Dein Fernseher lügt,3.7586206896551726
Dogtown and Z-Boys,3.7578125
Montag kommen die Fenster,3.753623188405797
Arlington Road,3.7533783783783785
To Kill a Mockingbird,3.75
L'infermiera,3.75
Zaat,3.75
L'odore della notte,3.75
Deep Blue Sea,3.75
Stitches,3.75
Stolen Seas,3.75
Sundome,3.75
St. Louis Blues,3.75
The Wild Geese,3.75
Wolves of Wall Street,3.75
Intruder,3.75
The Reaping,3.75
La science des rêves,3.75
Eyes Wide Shut,3.75
The Pet,3.75
The Number 23,3.75
El asaltante,3.75
The Marksman,3.75
Lenny Bruce in 'Lenny Bruce',3.75
Les Misérables,3.75
It Happened One Night,3.75
The Skulls II,3.75
Winterschläfer,3.75
The Godfather: Part III,3.75
Vice Versa,3.75
Man's Favorite Sport?,3.75
Kelin,3.75
Wattstax,3.75
Cape Fear,3.75
The Comedy,3.75
The China Syndrome,3.75
Everybody's Fine,3.75
Kongen av Bastøy,3.75
Wedlock,3.75
Young Black Stallion,3.75
고지전,3.75
รถไฟฟ้า มาหานะเธอ,3.75
Only the Lonely,3.75
Shanghai Noon,3.75
Notting Hill,3.75
Shattered,3.75
Daikyojû Gappa,3.75
Rocky IV,3.75
Fred Claus,3.75
Girl with a Pearl Earring,3.75
Shoot 'Em Up,3.75
Runaway Bride,3.75
Original Sin,3.75
Sissi - Die junge Kaiserin,3.75
사마리아,3.75
مسافر,3.75
Polosatyy Reys,3.75
24 Hour Party People,3.75
「エロ事師たち」より 人類学入門,3.75
Ernest Saves Christmas,3.75
Patton Oswalt: My Weakness Is Strong,3.75
Carry On Screaming,3.7457627118644066
Jarhead,3.742574257425743
"André Hazes, Zij Gelooft in Mij",3.739130434782609
The Pawnshop,3.739130434782609
Shuang ma lian huan,3.7386363636363638
Being John Malkovich,3.738095238095238
ゴジラ,3.738095238095238
TMNT,3.736842105263158
Voyage to the Bottom of the Sea,3.736111111111111
Brigham Young,3.7333333333333334
In the Name of the King: A Dungeon Siege Tale,3.7333333333333334
School of Rock,3.7282608695652173
Schwerkraft,3.727272727272727
Deux frères,3.7265625
The Mikado,3.725
暗戰,3.725
The Most Dangerous Game,3.723684210526316
Saw II,3.7222222222222223
8½,3.7222222222222223
The Tailor of Panama,3.7222222222222223
Gothika,3.7222222222222223
Ballo a tre passi,3.72
The Hours,3.717821782178218
Sommer '04,3.717391304347826
Die Hard,3.716666666666667
Cat on a Hot Tin Roof,3.715686274509804
Dune,3.7142857142857144
Common Law Cabin,3.7142857142857144
Valkoinen peura,3.7142857142857144
FC Venus,3.7142857142857144
Gishiki,3.7142857142857144
Swimming Pool,3.7142857142857144
Le vieux fusil,3.7142857142857144
"Edward, My Son",3.7115384615384617
"The Tulse Luper Suitcases, Part 1: The Moab Story",3.7083333333333335
Monsoon Wedding,3.7062043795620436
Sweet November,3.7023809523809526
Los amantes del círculo polar,3.7
One Tough Cop,3.7
"Elvira, Mistress of the Dark",3.7
Good Neighbor Sam,3.7
300,3.7
Man with the Screaming Brain,3.7
Beowulf,3.7
L'amour en fuite,3.7
Charlie Wilson's War,3.7
Traffic,3.7
Star 80,3.7
Raw Deal,3.7
L.A. Confidential,3.7
Die Höhle des gelben Hundes,3.69811320754717
Rush Hour,3.696078431372549
Furankenshutain Tai Chitei Kaijū Baragon,3.692982456140351
The Forbidden Kingdom,3.692982456140351
The Pink Panther,3.6923076923076925
The Breakfast Club,3.6923076923076925
Kingu Kongu tai Gojira,3.6923076923076925
2001: A Space Odyssey,3.689655172413793
Star Wars,3.6890243902439024
Mother India,3.6875
The Revengers' Comedies,3.6875
MouseHunt,3.6875
A Perfect Murder,3.6875
X-Men Origins: Wolverine,3.6862745098039214
Lawrence of Arabia,3.6818181818181817
Conquest of the Planet of the Apes,3.6818181818181817
Kiss of the Dragon,3.6785714285714284
The Chronicles of Narnia: Prince Caspian,3.6785714285714284
Diarios de motocicleta,3.6785714285714284
Metamorphosis,3.6774193548387095
The Happening,3.676470588235294
Sister Act,3.676470588235294
Silent Hill,3.6744186046511627
I Love You to Death,3.673469387755102
Wayne's World 2,3.673076923076923
Cube,3.671875
Joshua,3.6714285714285713
Love Actually,3.6686046511627906
Midnight in the Garden of Good and Evil,3.6666666666666665
The Vampire Lovers,3.6666666666666665
The Lost World,3.6666666666666665
ゴジラ・エビラ・モスラ　南海の大決闘,3.6666666666666665
Miracle on Ice,3.6666666666666665
La mariée était en noir,3.6666666666666665
You Only Live Twice,3.6666666666666665
Le Professionnel,3.6666666666666665
Shane,3.6666666666666665
À bout de souffle,3.6666666666666665
Face/Off,3.6666666666666665
অপুর সংসার,3.6666666666666665
Steppenwolf,3.6666666666666665
Das Boot,3.6666666666666665
Read It and Weep,3.6666666666666665
Razorback,3.6666666666666665
Journal d'un curé de campagne,3.6666666666666665
Alraune,3.6666666666666665
Astérix & Obélix Mission Cléopâtre,3.6666666666666665
They Live,3.6666666666666665
L'avventura,3.6666666666666665
لاک‌پشت‌ها هم پرواز می‌کنند,3.6666666666666665
The Karate Kid,3.6666666666666665
Mahogany,3.6666666666666665
Michael,3.6666666666666665
The Strange Case of Dr. Jekyll and Mr. Hyde,3.6666666666666665
Anma to onna,3.6666666666666665
Love and Other Disasters,3.6666666666666665
The Flintstones,3.6666666666666665
The Dawn Patrol,3.6666666666666665
China Gate,3.6666666666666665
座頭市海を渡る,3.6666666666666665
Aladin,3.6666666666666665
Videodrome,3.6666666666666665
Inside Man,3.6666666666666665
The Cotton Club,3.6666666666666665
The Three Musketeers,3.6666666666666665
The Chant of Jimmie Blacksmith,3.6666666666666665
The History Boys,3.6666666666666665
Irina Palm,3.6666666666666665
Rope,3.663157894736842
Wish You Were Here,3.6625
Frankenstein Unbound,3.6621621621621623
Human Nature,3.6621621621621623
The Terminal,3.6619718309859155
Ober,3.6604938271604937
Mission to Mars,3.659090909090909
Muxmäuschenstill,3.657142857142857
À l'aveugle,3.6538461538461537
25th Hour,3.6538461538461537
Beyond Rangoon,3.6538461538461537
Final Fantasy: The Spirits Within,3.652173913043478
The Killing,3.6511627906976742
The Poseidon Adventure,3.65
Jönssonligans största kupp,3.65
The Butter Battle Book,3.65
Erkan & Stefan gegen die Mächte der Finsternis,3.65
Der letzte Mann,3.6470588235294117
The Great Dictator,3.6470588235294117
Sabrina,3.6470588235294117
Black Rain,3.6458333333333335
Billion Dollar Brain,3.642857142857143
Les Quatre Cents Coups,3.642857142857143
Mystic River,3.642857142857143
Mambo Italiano,3.642857142857143
The Curse of the Jade Scorpion,3.642857142857143
The In-Laws,3.6363636363636362
La ronde,3.6363636363636362
Beat,3.6363636363636362
Die Ehe der Maria Braun,3.6320754716981134
The Getaway,3.6315789473684212
Final Fantasy VII: Advent Children,3.629032258064516
Leningrad,3.625
Torn Curtain,3.625
অপরাজিত,3.625
Das schreckliche Mädchen,3.625
Memoirs of an Invisible Man,3.625
Married to the Mob,3.625
Čarodějův učeň,3.625
The Ewok Adventure,3.625
The Goddess,3.625
Enigma,3.625
Romeo and Juliet,3.625
The Pledge,3.625
Ask the Dust,3.625
Addicted to Love,3.621212121212121
Gods and Monsters,3.6206896551724137
Once in a Lifetime: The Extraordinary Story of the New York Cosmos,3.6206896551724137
Sommersby,3.619047619047619
Зеркало,3.6176470588235294
Cutthroat Island,3.616279069767442
The Projected Man,3.6153846153846154
High and Dizzy,3.6153846153846154
Princesas,3.612676056338028
The Thin Man,3.611111111111111
Reign Over Me,3.6095238095238096
Buddenbrooks,3.608695652173913
The Beach,3.607142857142857
The Prestige,3.607142857142857
Mercury Rising,3.6
Lisa e il diavolo,3.6
Chelsea Girls,3.6
Monster's Ball,3.6
Leben nach Microsoft,3.6
Paradise Found,3.6
Dial M for Murder,3.6
Prelude to a Kiss,3.6
An American Tail,3.6
Człowiek z marmuru,3.6
Seabiscuit,3.6
Jenseits der Stille,3.6
Vollidiot,3.6
Zodiac,3.6
A Night in Heaven,3.6
Die Mörder sind unter uns,3.59375
Heat,3.59375
The Tortured,3.590909090909091
The Crowd,3.590909090909091
La Cité des Enfants Perdus,3.590909090909091
"Aguirre, der Zorn Gottes",3.588888888888889
Frances,3.5869565217391304
Mad Dog Coll,3.5833333333333335
The Grapes of Wrath,3.5833333333333335
Star Command,3.5833333333333335
Basket Case 2,3.5833333333333335
Du rififi chez les hommes,3.5833333333333335
Touch of Evil,3.5833333333333335
Valley of Flowers,3.5833333333333335
Alexander,3.5833333333333335
Indecent Proposal,3.5833333333333335
Donnie Darko,3.5806451612903225
Shiloh,3.5789473684210527
Oliver Twist,3.576923076923077
Winnetou II,3.575
Das Experiment,3.5714285714285716
Manderlay,3.5714285714285716
Gyakufunsha kazoku,3.5714285714285716
Blind Date,3.5714285714285716
Oscenità,3.5714285714285716
The Tooth Fairy,3.5714285714285716
Speed 2: Cruise Control,3.5692307692307694
Olga's House of Shame,3.5689655172413794
A Nightmare on Elm Street,3.566666666666667
Don't Come Knocking,3.5660377358490565
M,3.5657894736842106
No Reservations,3.5652173913043477
The Wrong Trousers,3.564516129032258
Along Came a Spider,3.5625
Iron Eagle III,3.5625
Union Station,3.5625
Le dolce signore,3.5625
Aliens vs Predator: Requiem,3.561111111111111
Una sull'altra,3.5588235294117645
Breakfast at Tiffany's,3.5576923076923075
Xizao,3.5555555555555554
Amsterdamned,3.5555555555555554
Superman,3.5555555555555554
Casino,3.5555555555555554
Twin Peaks: Fire Walk with Me,3.5528455284552845
Under Siege 2: Dark Territory,3.5526315789473686
Avalon,3.5526315789473686
Hairspray,3.5476190476190474
The Simpsons Movie,3.5454545454545454
Tomorrow Never Dies,3.5454545454545454
Megacities,3.5416666666666665
Cutaway,3.5416666666666665
괴물,3.5416666666666665
Eastern Promises,3.5384615384615383
The Endless Summer,3.536842105263158
Falstaff,3.5357142857142856
Erkan & Stefan in Der Tod kommt krass,3.5357142857142856
Twilight,3.5357142857142856
Top of the Food Chain,3.533333333333333
Viva Zapata!,3.533333333333333
La Mort en direct,3.533333333333333
La belle et la bête,3.5327380952380953
Roar,3.5277777777777777
隠し砦の三悪人,3.5258620689655173
xXx,3.517857142857143
Ocean's Twelve,3.515873015873016
Rain Man,3.515151515151515
Barry Lyndon,3.5076923076923077
Winnetou III,3.5
Michael Clayton,3.5
About Schmidt,3.5
The Beautiful Country,3.5
Without You I'm Nothing,3.5
Wolke 9,3.5
Confessions of a Dangerous Mind,3.5
Wild Gals of the Naked West,3.5
Adieu l'ami,3.5
Fighting Back,3.5
Im Juli,3.5
The Bride Goes Wild,3.5
The Care Bears Adventure in Wonderland,3.5
Faraon,3.5
Portrait in Black,3.5
Maid in Manhattan,3.5
The Even Stevens Movie,3.5
"In the Meantime, Darling",3.5
Far Cry,3.5
The Exorcism of Emily Rose,3.5
M. Butterfly,3.5
The Family Man,3.5
Dominick and Eugene,3.5
In the Name of the Father,3.5
Lua de Cristal,3.5
"Love, Cheat & Steal",3.5
Incognito,3.5
Love Jones,3.5
The Dirty Dozen,3.5
Big,3.5
The Defender,3.5
Masques,3.5
"Die, Mommie, Die!",3.5
Mein liebster Feind,3.5
Welcome to Woop Woop,3.5
Me and the Colonel,3.5
Weekend at Bernie's,3.5
McCinsey's Island,3.5
Masculin féminin,3.5
Age of Consent,3.5
The Count,3.5
Wayne's World,3.5
Die Brücke,3.5
Marketa Lazarová,3.5
Warlords of the 21st Century,3.5
Margaret Thatcher: The Long Walk to Finchley,3.5
How the Grinch Stole Christmas,3.5
Kosmos,3.5
The 40 Year Old Virgin,3.5
నువ్వొస్తానంటే నేనొద్దంటానా,3.5
Schussangst,3.5
Scoop,3.5
バトル・ロワイアル,3.5
Seeing Other People,3.5
หมานคร,3.5
ต้มยำกุ้ง,3.5
Shark Kill,3.5
Frankenstein and the Monster from Hell,3.5
Blue Thunder,3.5
Shock Waves,3.5
Frankenstein Must Be Destroyed,3.5
Nosferatu: Phantom der Nacht,3.5
Shopgirl,3.5
야수,3.5
Harry and the Hendersons,3.5
Haunted Castle,3.5
Garfield,3.5
Friends with Money,3.5
Sayat Nova,3.5
36 Fillette,3.5
Reservation Road,3.5
Rize,3.5
RoboCop,3.5
Ginger,3.5
Passed Away,3.5
Party Monster,3.5
香港製造,3.5
Close Encounters of the Third Kind,3.5
Ronja Rövardotter,3.5
狂熱の季節,3.5
Rosso sangue,3.5
"Planes, Trains and Automobiles",3.5
1942: A Love Story,3.5
Daisy Miller,3.5
Children of the Corn: Revelation,3.5
"Silent Night, Deadly Night 5: The Toy Maker",3.5
Nobody Knows Anything!,3.5
Heartbreak Hotel,3.5
Highlander,3.5
Hiroshima mon amour,3.5
Breaking Up,3.5
Brazil,3.5
Dial 1119,3.5
"Stromboli, terra di dio",3.5
Holy Lola,3.5
Moonstruck,3.5
Sweet Sixteen,3.5
Hot Wheels Acceleracers: Ignition,3.5
Flesh Gordon,3.5
Young Mr. Lincoln,3.5
Monogamy,3.5
Mon Meilleur Ami,3.5
Bonjour Tristesse,3.5
Tension,3.5
Highlander II: The Quickening,3.5
High Wall,3.5
Sissi - Schicksalsjahre einer Kaiserin,3.5
Steel,3.5
Dear Brigitte,3.5
Some Folks Call It a Sling Blade,3.5
Something's Gotta Give,3.5
Сталкер,3.5
A Canção de Lisboa,3.5
New York chiama Superdrago,3.5
A Christmas Carol,3.5
California Suite,3.5
Natural Born Killers,3.5
Nashville,3.5
A Dangerous Method,3.5
Éloge de l'amour,3.5
À travers la forêt,3.5
Frankenstein 90,3.5
Der Untergang,3.5
Con Air,3.5
Rekopis znaleziony w Saragossie,3.5
The Strip,3.5
Total Recall,3.5
Enchanted,3.5
This Island Earth,3.5
It Happened at the World's Fair,3.5
Just the Ticket,3.5
Antikörper,3.5
U-571,3.5
"Je t'aime, je t'aime",3.5
Beautiful Boxer,3.5
Praxis Dr. Hasenbein,3.5
"Va, vis et deviens",3.5
The Year of Getting to Know Us,3.5
At Long Last Love,3.5
Excess Baggage,3.5
The Woman in Red,3.5
Cool Runnings,3.5
Apollo 13,3.5
Fanny och Alexander,3.5
Faces,3.5
Killing Zoe,3.5
Ein Augenblick Freiheit,3.5
The Terminators,3.5
Fallout,3.5
La Fête à Henriette,3.5
Les Barbouzes,3.5
The Station Agent,3.5
Un éléphant ça trompe énormément,3.5
"Tomorrow, When the War Began",3.5
The Passion of the Christ,3.5
Earthling,3.5
La Chambre verte,3.5
Une vraie jeune fille,3.5
The Teacher,3.5
Jib,3.5
Gayniggers from Outer Space,3.5
La vie moderne,3.5
Atonement,3.5
Jeux interdits,3.5
The Interpreter,3.5
La Ley del Deseo,3.5
Lightning Strikes Twice,3.5
La morte ha sorriso all'assassino,3.5
The Wearing of the Grin,3.5
The Great Global Warming Swindle,3.5
La petite voleuse,3.5
Valley of the Dolls,3.5
Trapped in the Closet: Chapters 1-12,3.5
Fantasía... 3,3.5
The Wizard of Oz,3.5
El baño del Papa,3.5
The Wild Angels,3.5
The Road to Hong Kong,3.5
Pumping Iron,3.5
Double Dragon,3.5
Van Helsing,3.5
Always Outnumbered,3.5
Los Bastardos,3.5
The River Wild,3.5
The Princess Bride,3.5
The Naked Man,3.5
Presunto Culpable,3.5
Barfuß,3.5
Le Renard et l'Enfant,3.5
Dracula,3.5
The Ruling Class,3.5
The Visit,3.5
The Walking Dead,3.5
The Rookie,3.5
The Haunted,3.5
Joey,3.5
The Man Who Fell to Earth,3.5
The Man Who Knew Too Much,3.5
Little Caesar,3.5
Before Night Falls,3.5
Babes in Toyland,3.5
Twister,3.5
As Good as It Gets,3.5
Le Mépris,3.4863013698630136
La passion de Jeanne d'Arc,3.4839449541284404
Dogville,3.482456140350877
Persepolis,3.4797979797979797
American Pie,3.478723404255319
La mala educación,3.4782608695652173
Gleaming the Cube,3.477777777777778
Les innocents aux mains sales,3.4761904761904763
"Pepi, Luci, Bom y otras chicas del montón",3.4761904761904763
Shaft in Africa,3.4754098360655736
Romeo + Juliet,3.4727272727272727
Mr. Bean's Holiday,3.4705882352941178
"4 luni, 3 săptămîni și 2 zile",3.4705882352941178
Reservoir Dogs,3.4673202614379086
EVA,3.4655172413793105
Casablanca,3.4642857142857144
The Last Samurai,3.4642857142857144
Snatch,3.462962962962963
New York Doll,3.4591836734693877
A Time to Kill,3.4583333333333335
The Village,3.4558823529411766
The Wedding Planner,3.4558823529411766
거룩한 계보,3.4545454545454546
Dragonslayer,3.4545454545454546
Sette orchidee macchiate di rosso,3.4545454545454546
Holy Matrimony,3.4545454545454546
Die Hard 2,3.4518072289156625
American Beauty,3.4516129032258065
Big Time,3.45
Am Ende Kommen Touristen,3.45
The Way of the Gun,3.4473684210526314
The Domino Principle,3.4444444444444446
Bordertown,3.4444444444444446
Requiem,3.4444444444444446
Back to the Future Part II,3.443661971830986
To Be or Not to Be,3.441860465116279
Indiana Jones and the Last Crusade,3.4411764705882355
Night on Earth,3.4405940594059405
Sommersturm,3.4375
Heathers,3.433333333333333
A Shot in the Dark,3.4285714285714284
"Lock, Stock and Two Smoking Barrels",3.4285714285714284
Duck Soup,3.4285714285714284
Antz,3.4285714285714284
Soul Assassin,3.4285714285714284
Leaving Las Vegas,3.4285714285714284
Det sjunde inseglet,3.4285714285714284
鬼婆,3.4285714285714284
Psycho,3.428
"Bell, Book and Candle",3.4272727272727272
Mr. Deeds,3.423076923076923
Out of Time,3.4210526315789473
Ночной дозор,3.4166666666666665
Transformers,3.4166666666666665
Efter brylluppet,3.4166666666666665
César et Rosalie,3.4166666666666665
No mires para abajo,3.4152542372881354
Saw IV,3.411764705882353
La Môme,3.410958904109589
Dreamgirls,3.4107142857142856
Pufnstuf,3.409090909090909
Ariel,3.4018691588785046
The Living Daylights,3.401639344262295
Deconstructing Harry,3.4
Mulholland Drive,3.4
Ben-Hur,3.4
Dialogue avec mon jardinier,3.4
I'll Sleep When I'm Dead,3.4
The Godfather: Part II,3.4
Tierra,3.4
Unforgettable,3.4
Hidalgo,3.4
La chinoise,3.4
Working Girl,3.4
The Conversation,3.3979591836734695
Live and Let Die,3.396
The Boys from County Clare,3.3947368421052633
Vivement dimanche!,3.393617021276596
The Pianist,3.392857142857143
แสงศตวรรษ,3.392857142857143
"Farewell, My Lovely",3.391304347826087
Brothers,3.391304347826087
Que la bête meure,3.3846153846153846
リング,3.3828125
Il castello delle donne maledette,3.3823529411764706
Joe Versus the Volcano,3.380952380952381
Romeo Must Die,3.3780487804878048
Reflections in a Golden Eye,3.375
The War of the Roses,3.375
Return to Me,3.375
Fried Green Tomatoes,3.375
L'Année dernière à Marienbad,3.375
誰も知らない,3.375
Che: Part Two,3.375
Dead Poets Society,3.375
Tiefland,3.375
Tom and Jerry: Shiver Me Whiskers,3.375
Тегеран-43,3.375
2:37,3.375
The Contract,3.375
Hitman,3.375
Dług,3.375
Born into Brothels,3.375
The Day the Earth Stood Still,3.375
The Horsemen,3.375
Feast of All Saints,3.375
Music Box,3.375
Tuesdays with Morrie,3.375
Halbe Treppe,3.3689655172413793
Carla's Song,3.3666666666666667
Wasabi,3.3666666666666667
James Dean,3.3653846153846154
Saving Grace,3.3636363636363638
Stuck on You,3.3636363636363638
Underground,3.3636363636363638
House of 1000 Corpses,3.361111111111111
怪獣総進撃,3.359375
Whale Rider,3.358490566037736
Muriel's Wedding,3.3583333333333334
The Lovely Bones,3.357142857142857
The Hi-Lo Country,3.357142857142857
Robinson Crusoe on Mars,3.357142857142857
Underworld,3.357142857142857
Barocco,3.357142857142857
The Redeemer: Son of Satan!,3.357142857142857
Gandhi,3.357142857142857
The Spy Who Loved Me,3.357142857142857
Pirates of the Caribbean: The Curse of the Black Pearl,3.3552631578947367
Meet the Parents,3.352272727272727
Jurassic Park,3.3508771929824563
Pink Floyd: Live at Pompeii,3.35
Blackmail,3.3461538461538463
Tuya de hun shi,3.3448275862068964
7 vírgenes,3.34375
Taxi 3,3.34375
The Matrix Revolutions,3.3421052631578947
座頭市関所破り,3.3378378378378377
High Noon,3.336448598130841
The Hole,3.3333333333333335
What's Eating Gilbert Grape,3.3333333333333335
Hustle,3.3333333333333335
Down by Law,3.3333333333333335
Oktyabr,3.3333333333333335
Ludwig,3.3333333333333335
Préparez vos mouchoirs,3.3333333333333335
The Lady from Shanghai,3.3333333333333335
Alvin and the Chipmunks,3.3333333333333335
Berlin is in Germany,3.3333333333333335
The Bounty,3.3333333333333335
パプリカ,3.3333333333333335
Rising Sun,3.3333333333333335
Grease,3.3333333333333335
Mer om Oss Barn i Bullerbyn,3.3333333333333335
Before Sunrise,3.3333333333333335
Les aventures de Rabbi Jacob,3.3333333333333335
The Terminator,3.3333333333333335
The Curse of the Were-Rabbit,3.3333333333333335
Amores perros,3.3333333333333335
Fin,3.3333333333333335
Treasure Island,3.3333333333333335
Gattaca,3.3333333333333335
David,3.3333333333333335
A Scanner Darkly,3.3333333333333335
La Vie est un long fleuve tranquille,3.3333333333333335
Desert Hearts,3.3333333333333335
Blow,3.3333333333333335
Topaz,3.3333333333333335
Star Trek: First Contact,3.3333333333333335
Der Schuh des Manitu,3.3333333333333335
Mouth to Mouth,3.3333333333333335
Catch Me If You Can,3.3333333333333335
The Rink,3.3333333333333335
Trainspotting,3.3333333333333335
...Più forte ragazzi!,3.332317073170732
The Devil Wears Prada,3.3285714285714287
Der Himmel über Berlin,3.326923076923077
Lolita,3.326388888888889
Big Fish,3.3253968253968256
Felidae,3.323529411764706
Don't Make Waves,3.3227848101265822
Bollywood/Hollywood,3.32
¡Átame!,3.3181818181818183
The Heart of the World,3.3181818181818183
Yankee Doodle Dandy,3.316666666666667
Rocky V,3.314814814814815
Milano Rovente,3.3125
Big Bad Mama,3.3095238095238093
Dave Chappelle's Block Party,3.309090909090909
Taxi 4,3.3076923076923075
巴尔扎克与小裁缝,3.3076923076923075
Minority Report,3.3068181818181817
One Million Years B.C.,3.3055555555555554
Shaft's Big Score!,3.3043478260869565
Mean Streets,3.3043478260869565
Madame Bovary,3.3035714285714284
My Own Private Idaho,3.303030303030303
Fantastic Voyage,3.3026315789473686
Halloweentown,3.3
Reindeer Games,3.3
Big Trouble in Little China,3.3
Highlander III: The Sorcerer,3.3
Le genou de Claire,3.3
Dracula vs. Frankenstein,3.3
Hook,3.3
Italiensk for begyndere,3.295918367346939
The Third Man,3.294642857142857
Pacific Heights,3.2941176470588234
Payback,3.2941176470588234
Lola rennt,3.2925531914893615
Geheimnisse einer Seele,3.2916666666666665
Pünktchen und Anton,3.2916666666666665
Little Buddha,3.2916666666666665
Malcolm X,3.2903225806451615
The Fifth Element,3.2884615384615383
28 Days Later,3.2884615384615383
Rambo III,3.287878787878788
Juste une question d'amour,3.2875
Captain Corelli's Mandolin,3.2857142857142856
Harley Davidson and the Marlboro Man,3.2857142857142856
Legionnaire,3.2857142857142856
Color of Night,3.2857142857142856
The Miracle Worker,3.2857142857142856
À nos amours,3.2857142857142856
The Great Outdoors,3.2848101265822787
The Nomi Song,3.282608695652174
Breaking the Waves,3.2790697674418605
Begotten,3.2777777777777777
Jay and Silent Bob Strike Back,3.2735849056603774
Fight Club,3.272727272727273
Duel,3.272727272727273
Indestructible Man,3.272727272727273
Let's Get Harry,3.269230769230769
文雀,3.269230769230769
Four Rooms,3.267857142857143
Stellet Licht,3.265957446808511
Blood Diamond,3.265957446808511
Roustabout,3.265625
When Saturday Comes,3.2642857142857142
밀양,3.263157894736842
Parenthood,3.26271186440678
Miller's Crossing,3.261904761904762
Return of the Jedi,3.260869565217391
The Wedding Date,3.25
The Strange Case of the End of Civilization as We Know It,3.25
The Saint In London,3.25
Traces of Red,3.25
At Risk,3.25
Bad Girls Go to Hell,3.25
Cop Land,3.25
The Hiding Place,3.25
Bella Martha,3.25
Ah ! Les belles bacchantes,3.25
The Blood of Fu Manchu,3.25
The Beales of Grey Gardens,3.25
The Baby of Mâcon,3.25
City Slickers,3.25
Sunrise: A Song of Two Humans,3.25
Brodeuses,3.25
Raising Arizona,3.25
A Close Shave,3.25
Shrek,3.25
Shortbus,3.25
パラノーマル・アクティビティ 第2章 TOKYO NIGHT,3.25
呪怨: 白い老女,3.25
Santa and the Ice Cream Bunny,3.25
Sang Pemimpi,3.25
風の谷のナウシカ,3.25
Prom Night,3.25
!Women Art Revolution,3.25
La Pianiste,3.25
En ganske snill mann,3.25
Lions for Lambs,3.25
Pitch Black,3.25
Keoma,3.25
Gomorra,3.25
Jakob the Liar,3.25
Mister Roberts,3.25
Heavenly Creatures,3.25
Ghostbusters,3.25
Maradona by Kusturica,3.25
No Country for Old Men,3.25
Popiól i diament,3.25
I Still Know What You Did Last Summer,3.25
Critters,3.25
Last Days,3.25
Double Indemnity,3.25
I Kina spiser de hunde,3.25
De grønne slagtere,3.25
Lady in the Lake,3.25
Freddy vs. Jason,3.25
Power,3.25
Dorian Blues,3.25
Spanglish,3.2450980392156863
Van Gogh,3.2419354838709675
A Kiss Before Dying,3.24
Fahrenheit 9/11,3.2357142857142858
Belle Époque,3.2333333333333334
The Hunchback of Notre Dame,3.2291666666666665
Ghost Dog: The Way of the Samurai,3.2282608695652173
Titanic,3.227272727272727
Beavis and Butt-Head Do America,3.227272727272727
Don Juan DeMarco,3.223404255319149
National Treasure,3.2222222222222223
Cleopatra Jones and the Casino of Gold,3.2222222222222223
Training Day,3.2222222222222223
Finding Forrester,3.2222222222222223
Trouble in Paradise,3.2142857142857144
Final Analysis,3.210526315789474
We Own the Night,3.210526315789474
"Good Morning, Vietnam",3.2083333333333335
My Tutor,3.2023809523809526
Hostage,3.2
Bull Durham,3.2
When Harry Met Sally...,3.2
Perfume: The Story of a Murderer,3.2
Inspector Gadget,3.2
Les Enfants du Paradis,3.2
L.A. Story,3.2
Guter Junge,3.2
"Wood & Stock: Sexo, Orégano e Rock'n'Roll",3.2
Blade Runner,3.2
Monster,3.2
Buck Rogers in the 25th Century,3.2
봄 여름 가을 겨울 그리고 봄,3.2
Mega Python vs. Gatoroid,3.2
Young Adam,3.1911764705882355
Get Carter,3.1901408450704225
"Amico, stammi lontano almeno un palmo",3.1875
Ot 180 i Vyshe,3.1875
Notorious,3.1875
Boyz n the Hood,3.1875
Ghostbusters II,3.1875
Hellboy,3.1875
Les Choristes,3.1842105263157894
해안선,3.1818181818181817
Eye of the Devil,3.1818181818181817
House of Dracula,3.1808510638297873
Le scaphandre et le papillon,3.1785714285714284
Armageddon,3.1774193548387095
Bandido!,3.175
Pleasantville,3.1746031746031744
Czlowiek z zelaza,3.173076923076923
Anatomie de l'enfer,3.1702127659574466
Klute,3.169491525423729
Zombi Holocaust,3.1666666666666665
Tropa de Elite,3.1666666666666665
China Seas,3.1666666666666665
Die Geschichte vom weinenden Kamel,3.1666666666666665
Vertigo,3.1666666666666665
American Grindhouse,3.1666666666666665
Scorpio,3.1666666666666665
Scream 3,3.1666666666666665
Vivere,3.1666666666666665
"A Man, a Woman and a Bank",3.1666666666666665
Bill & Ted's Excellent Adventure,3.1666666666666665
Club Paradise,3.1666666666666665
Pirates of the Caribbean: On Stranger Tides,3.1666666666666665
Auf der anderen Seite,3.1666666666666665
Monterey Pop,3.1666666666666665
The Horror of Frankenstein,3.1666666666666665
올드보이,3.1666666666666665
Devo: The Complete Truth About De-Evolution,3.1666666666666665
Mission: Impossible III,3.1666666666666665
Batoru rowaiaru II: Chinkonka,3.1666666666666665
Ben X,3.1666666666666665
The General's Daughter,3.1666666666666665
Breakdown,3.1666666666666665
The Treasure of the Sierra Madre,3.1666666666666665
The Last Castle,3.1634615384615383
Varjoja paratiisissa,3.1610169491525424
Les demoiselles de Rochefort,3.1578947368421053
The Outsiders,3.15625
Pocketful of Miracles,3.1538461538461537
A Tale of Two Cities,3.1538461538461537
Sommer vorm Balkon,3.1506849315068495
"Me, Myself & Irene",3.15
La révolution française,3.15
Short Circuit,3.1463414634146343
No Good Deed,3.142857142857143
Octopussy,3.142857142857143
9 Songs,3.142857142857143
Shiza,3.142857142857143
Pane e Tulipani,3.14
Modern Times,3.138888888888889
To Catch a Thief,3.1379310344827585
Hoosiers,3.1363636363636362
Forbidden Planet,3.1346153846153846
City of Hope,3.1333333333333333
Il medaglione insanguinato,3.1333333333333333
Das weisse Rauschen,3.1296296296296298
Stranger Than Paradise,3.125
El viento se llevó lo qué,3.125
The African Queen,3.125
Schloß Vogeloed,3.125
A Guide for the Married Man,3.125
Olympia - Fest der Schönheit,3.125
Absolute Giganten,3.125
Cowboy,3.125
88 Minutes,3.116279069767442
Star Trek IV: The Voyage Home,3.116279069767442
Barking Water,3.1153846153846154
Mala Noche,3.1153846153846154
Back to the Future,3.1145833333333335
The Perfect Storm,3.1136363636363638
"Nosferatu, eine Symphonie des Grauens",3.1129032258064515
Wag the Dog,3.112403100775194
L'Aile ou la Cuisse,3.111111111111111
Ascenseur pour l'échafaud,3.111111111111111
Marnie,3.111111111111111
Så som i himmelen,3.111111111111111
Caché,3.111111111111111
La Jetée,3.111111111111111
A View to a Kill,3.111111111111111
Syriana,3.1107594936708862
Almost Famous,3.108695652173913
ฟ้าทะลายโจร,3.108695652173913
Poltergeist,3.107142857142857
The Time Machine,3.1041666666666665
A Clockwork Orange,3.1029411764705883
An Ideal Husband,3.1
Shooting War,3.1
"Martha – Meet Frank, Daniel and Laurence",3.1
Gycklarnas afton,3.1
The Departed,3.1
Lekarstwo na miłość,3.1
Red Planet,3.1
Carry On Cleo,3.1
Will Penny,3.0972222222222223
"Nachts, wenn Dracula erwacht",3.090909090909091
Bring It On,3.088235294117647
Houseboat,3.0859375
Knallhart,3.0849056603773586
The Hucksters,3.0833333333333335
Jack & Sarah,3.0833333333333335
Mrs. Doubtfire,3.0808823529411766
"Monsters, Inc.",3.073170731707317
Basic Instinct 2,3.0714285714285716
Magnolia,3.0714285714285716
"Clean, Shaven",3.0714285714285716
Star Wars: Episode III - Revenge of the Sith,3.0714285714285716
American Pie 2,3.0686274509803924
"The Adventures of Priscilla, Queen of the Desert",3.0681818181818183
Le beau mariage,3.066666666666667
Willy Wonka & the Chocolate Factory,3.0609756097560976
Revolutionary Road,3.0606060606060606
Or,3.0595238095238093
The Dark Knight,3.0555555555555554
Big Girls Don't Cry... They Get Even,3.0555555555555554
Rocky III,3.0531914893617023
Cyberjack,3.0526315789473686
The Lord of the Rings: The Return of the King,3.0526315789473686
Kurz und schmerzlos,3.05
Je ne suis pas là pour être aimé,3.05
Qui a tué Bambi ?,3.0442477876106193
Kill Bill: Vol. 1,3.0441176470588234
Infinity,3.0416666666666665
Kafka,3.0384615384615383
Yesterday,3.037037037037037
Hostel,3.033333333333333
Greed,3.032608695652174
War of the Worlds,3.026315789473684
Angst essen Seele auf,3.0238095238095237
Million Dollar Baby,3.0208333333333335
Halloween,3.015151515151515
Love Is the Devil: Study for a Portrait of Francis Bacon,3.0135135135135136
Dont Look Back,3.0
Blood Ties,3.0
Lone Rider,3.0
The French Connection,3.0
Two Men Went To War,3.0
The 11th Hour,3.0
Long nga,3.0
The Gold Rush,3.0
The Front Page,3.0
Island of Lost Souls,3.0
The Godfather,3.0
Up!,3.0
The 51st State,3.0
The Addams Family,3.0
Everything is Illuminated,3.0
El espinazo del diablo,3.0
Trouble Every Day,3.0
Two Girls and a Guy,3.0
All the King's Men,3.0
Lola,3.0
Lethal Weapon 4,3.0
Blue Like Jazz,3.0
Tarzan and the Amazons,3.0
About a Boy,3.0
The Keep,3.0
Takva,3.0
Liberi armati pericolosi,3.0
Fados,3.0
The Horse Whisperer,3.0
Jaws: The Revenge,3.0
"Moi, Van Gogh",3.0
Teenage Mutant Ninja Turtles,3.0
The Hitchhiker's Guide to the Galaxy,3.0
Un été inoubliable,3.0
Life,3.0
Becoming Jane,3.0
Under Capricorn,3.0
Little Children,3.0
Before Stonewall,3.0
Take Out,3.0
Under Suspicion,3.0
Vacas,3.0
Fall of the Republic: The Presidency of Barack H. Obama,3.0
Les Mariés de l'an deux,3.0
The Greatest,3.0
Underworld: Evolution,3.0
East of Eden,3.0
In Good Company,3.0
The Flying Saucer,3.0
Adrenalin: Fear the Rush,3.0
Mangiati vivi!,3.0
Alamar,3.0
Adventures Of A Taxi Driver,3.0
The Mechanik,3.0
The Meaning of Life,3.0
Many Rivers to Cross,3.0
Bird on a Wire,3.0
The Buccaneer,3.0
The Matrix,3.0
The Caine Mutiny Court-Martial,3.0
Exit,3.0
Fantômas contre Scotland Yard,3.0
Jurassic Park III,3.0
Le temps qui reste,3.0
Il ladro di bambini,3.0
The Maltese Falcon,3.0
Diplomatic Courier,3.0
Le salaire de la peur,3.0
Trancers,3.0
In the Blood,3.0
Wasted on the Young,3.0
The Manchurian Candidate,3.0
Traitement de choc,3.0
Waiting for Armageddon,3.0
The Cider House Rules,3.0
Trading Places,3.0
Trick,3.0
The Mummy,3.0
Blind,3.0
Where the Spies Are,3.0
Import/Export,3.0
Fantasia,3.0
The Final,3.0
Beowulf & Grendel,3.0
Berkeley Square,3.0
Beröringen,3.0
The Legend of the 7 Golden Vampires,3.0
The Astronaut's Wife,3.0
The Life Aquatic with Steve Zissou,3.0
Vares – Huhtikuun tytöt,3.0
The Aviator,3.0
Venom,3.0
Bez Konca,3.0
Mimic,3.0
Verfolgt,3.0
Identity,3.0
Blondie Has Servant Trouble,3.0
Alice's Restaurant,3.0
Man tänker sitt,3.0
Austin Powers: International Man of Mystery,3.0
Mikey and Nicky,3.0
What Lies Beneath,3.0
The Two Faces of Dr. Jekyll,3.0
Viagem ao Princípio do Mundo,3.0
Fear and Loathing in Las Vegas,3.0
Starship Troopers,3.0
World Trade Center,3.0
修羅雪姫,3.0
One in the Chamber,3.0
Only Angels Have Wings,3.0
Chi lavora è perduto,3.0
Saw III,3.0
50 First Dates,3.0
La figlia di Frankenstein,3.0
Open Water,3.0
Annie Hall,3.0
Kukushka,3.0
Frankie and Johnny,3.0
千と千尋の神隠し,3.0
From Noon Till Three,3.0
Salvador (Puig Antich),3.0
Kurukshetra,3.0
Green Fire,3.0
Run Fatboy Run,3.0
Rumor Has It...,3.0
Gray's Anatomy,3.0
七人の侍,3.0
The Shawshank Redemption,3.0
Schindler's List,3.0
Dante's Hell Animated,3.0
Harold and Maude,3.0
Casper's Haunted Christmas,3.0
Days of Thunder,3.0
Shekvarebuli kulinaris ataserti retsepti,3.0
Novecento,3.0
David Copperfield,3.0
อินทรีแดง,3.0
La rupture,3.0
Official Rejection,3.0
Semi-Tough,3.0
アカルイミライ,3.0
Appointment with Death,3.0
カイジ2 人生奪回ゲーム,3.0
Hallam Foe,3.0
Scorcher,3.0
La hora fría,3.0
Dark Blue,3.0
Panic in the Streets,3.0
Goodbye Bafana,3.0
Paranoid Park,3.0
Girl Shy,3.0
Cléo de cinq à sept,3.0
Code 46,3.0
鷹爪鐵布衫,3.0
L'outremangeur,3.0
Eragon,3.0
Pony Express,3.0
L'argent de poche,3.0
Racing Dreams,3.0
Ghost,3.0
Constantine,3.0
The Untouchables,3.0
Ana y los otros,3.0
Premium Rush,3.0
Prom Night IV: Deliver Us from Evil,3.0
Pretty Woman,3.0
Geppo il folle,3.0
Countdown,3.0
Red Light,3.0
Giù la testa,3.0
Christine,3.0
Gladiator,3.0
La Guerre Des Boutons,3.0
GoodFellas,3.0
Payment Deferred,3.0
Rocco e i suoi fratelli,3.0
Per un pugno di dollari,3.0
Cube Zero,3.0
Robin Hood: Prince of Thieves,3.0
Perro Come Perro,3.0
Rio Sex Comedy,3.0
En la cama,3.0
綠草地,3.0
Pieces of April,3.0
La Boum,3.0
羅生門,3.0
豚と軍艦,3.0
2046,3.0
Gold Diggers in Paris,3.0
De ofrivilliga,3.0
Jean de Florette,3.0
The Pretender 2001,3.0
El orfanato,3.0
Ziemia obiecana,3.0
Stevie,3.0
Sleepy Hollow,3.0
C'era una volta il West,3.0
Zozo,3.0
King Kong,3.0
Moonraker,3.0
Solaris,3.0
Sliver,3.0
House of Frankenstein,3.0
Tibet: Cry of the Snow Lion,3.0
The Prime of Miss Jean Brodie,3.0
Carancho,3.0
Abel,3.0
A Hard Day's Night,3.0
Тіні забутих предків,3.0
Sneakers,3.0
To Kill a Priest,3.0
Snow White and the Seven Dwarfs,3.0
Layer Cake,3.0
Hornblower: Loyalty,3.0
Laws of Gravity,3.0
You're a Big Boy Now,3.0
Hearts of Darkness: A Filmmaker's Apocalypse,3.0
King of California,3.0
Fire Birds,3.0
Sweet Smell of Success,3.0
Supergator,3.0
Si le vent soulève les sables,3.0
There's Only One Jimmy Grimble,3.0
Diamonds Are Forever,3.0
Dead Man Walking,3.0
964 Pinocchio,3.0
A Few Good Men,3.0
Sous les toits de Paris,3.0
Desperately Seeking Susan,3.0
A2,3.0
"Mother, Jugs & Speed",3.0
Moulin Rouge!,3.0
Moonshine County Express,3.0
A Mighty Heart,3.0
Dead Man's Folly,3.0
Cabiria,3.0
Brief Encounter,3.0
Murder by Death,3.0
"Hello, Frisco, Hello",3.0
Y tu mamá también,2.99375
Une vieille maîtresse,2.9743589743589745
Populärmusik från Vittula,2.968421052631579
Grbavica,2.9642857142857144
Shaft,2.9642857142857144
英雄,2.9615384615384617
Rocky II,2.9594594594594597
The Legend of Bagger Vance,2.9583333333333335
Copying Beethoven,2.9565217391304346
Escape from the Planet of the Apes,2.9523809523809526
Death Proof,2.95
เพชฌฆาตเงียบอันตราย,2.94
Birthday Girl,2.9375
Le Gendarme à New York,2.9375
The Fortune Cookie,2.933333333333333
Some Like It Hot,2.933333333333333
The Mummy: Tomb of the Dragon Emperor,2.933333333333333
Last Woman on Earth,2.9285714285714284
Hotel Very Welcome,2.9242424242424243
5x2,2.923076923076923
The Nativity Story,2.923076923076923
Hero at Large,2.9166666666666665
Star Wars: Episode II - Attack of the Clones,2.9130434782608696
Disclosure,2.911764705882353
Schock,2.911111111111111
"Faster, Pussycat! Kill! Kill!",2.909090909090909
Orphée,2.909090909090909
Death Machine,2.90625
The Ladykillers,2.9
Affair in Havana,2.9
Devil in the Flesh,2.9
The Wilby Conspiracy,2.9
Roman Holiday,2.892857142857143
Dirty Dancing,2.891304347826087
"S-21, la machine de mort Khmère rouge",2.888888888888889
The Omen,2.888888888888889
Dans ma peau,2.888888888888889
Imagine Me & You,2.888059701492537
The Fisher King,2.8846153846153846
Thelma & Louise,2.875
Arena,2.875
Licence to Kill,2.875
Daydream Believers: The Monkees Story,2.875
El espíritu de la colmena,2.875
The Rolling Stones: Gimme Shelter,2.875
Friday the 13th,2.875
Amadeus,2.875
The Brasher Doubloon,2.875
The Guardian,2.875
Lucky Number Slevin,2.875
Bang Boom Bang - Ein todsicheres Ding,2.8714285714285714
Knockin' on Heaven's Door,2.8706896551724137
L'Enfant sauvage,2.8636363636363638
Die fetten Jahre sind vorbei,2.8636363636363638
Finding Nemo,2.861111111111111
Mary Poppins,2.857142857142857
The Shining,2.85
The Bunker,2.84375
Bend It Like Beckham,2.838709677419355
Billy Budd,2.8333333333333335
The Revenge of Frankenstein,2.8333333333333335
Silly Little Game,2.8333333333333335
Swimming to Cambodia,2.8333333333333335
Grande école,2.8333333333333335
Sin City,2.8333333333333335
Twelve Monkeys,2.8333333333333335
Sonnenallee,2.8333333333333335
Angustia,2.8333333333333335
Azuloscurocasinegro,2.8333333333333335
Ronin,2.8333333333333335
Teenage Mutant Ninja Turtles II: The Secret of the Ooze,2.8333333333333335
Batman & Robin,2.8333333333333335
All About Eve,2.8333333333333335
La raison du plus faible,2.8333333333333335
Ed Wood,2.8333333333333335
Fame,2.8333333333333335
The Sum of All Fears,2.8333333333333335
Laitakaupungin valot,2.8214285714285716
Hell's Hinges,2.8125
Back to the Future Part III,2.809090909090909
Evil Dead II,2.8055555555555554
Jedné noci v jednom městě,2.8
Fargo,2.8
Drop Zone,2.8
"Good bye, Lenin!",2.8
The Fearless Vampire Killers,2.8
Things We Lost in the Fire,2.8
Shark!,2.8
Charlie and the Chocolate Factory,2.8
The Prize,2.792452830188679
Atlantis: Milo's Return,2.7857142857142856
Primal Fear,2.7857142857142856
Beste Zeit,2.7857142857142856
Scream,2.7857142857142856
Night at the Museum,2.7857142857142856
Lost in Translation,2.7829457364341086
"20,000 Leagues Under the Sea",2.7808988764044944
The Discovery of Heaven,2.78
Crime of Passion,2.764705882352941
The 13th Warrior,2.759259259259259
Secret Window,2.759259259259259
La vita è bella,2.7586206896551726
Wild Wild West,2.75
Wild at Heart,2.75
Monster High,2.75
Millennium,2.75
Westworld,2.75
Todo sobre mi madre,2.75
Brother,2.75
Jekyll and Hyde ... Together Again,2.75
Executive Decision,2.75
A Guide To Recognizing Your Saints,2.75
Ae Fond Kiss...,2.75
The Piano Player,2.75
Memory Lane,2.75
Frankenstein Meets the Wolf Man,2.75
Tillsammans,2.75
Khadak,2.75
Dust Devil,2.75
Nome Próprio,2.75
La Marche de l'empereur,2.75
Contraband,2.75
김복남 살인사건의 전말,2.75
Planet of the Apes,2.75
纵横四海,2.75
2061 - Un anno eccezionale,2.75
An Angel at My Table,2.75
Cube 2: Hypercube,2.75
Out of Africa,2.75
Shrek 2,2.75
Savior,2.75
Scooby-Doo! and the Reluctant Werewolf,2.75
Dark Star,2.75
The Sand Pebbles,2.75
Das Cabinet des Dr. Caligari,2.75
Shaun of the Dead,2.75
Bill Burr: Let It Go,2.75
Fase 7,2.75
The Truth About Cats & Dogs,2.75
Une Femme est une femme,2.75
Manta - Der Film,2.75
Big Trouble,2.75
Insomnia,2.75
Valkyrie,2.75
Lifeguard,2.75
Joyride,2.75
Mr. Holland's Opus,2.7434210526315788
Roger & Me,2.736842105263158
El Crimen del Padre Amaro,2.736842105263158
Carne trémula,2.730769230769231
Rent,2.727272727272727
In My Father's Den,2.727272727272727
Indiana Jones and the Kingdom of the Crystal Skull,2.7142857142857144
54,2.7142857142857144
Johnny Handsome,2.7142857142857144
Snow Cake,2.7142857142857144
Die Sehnsucht der Veronika Voss,2.7058823529411766
Antoine et Colette,2.7023809523809526
Viaggio in Italia,2.7
Дневной дозор,2.7
The Bible: In the Beginning...,2.7
Nirgendwo in Afrika,2.7
Hang 'em High,2.7
Poodle Springs,2.7
The Lost World: Jurassic Park,2.7
Krull,2.6964285714285716
D.E.B.S.,2.6944444444444446
Harry Potter and the Goblet of Fire,2.6904761904761907
Bandidas,2.6875
Sex and the City,2.6875
Harry Potter and the Prisoner of Azkaban,2.68
Foodfight!,2.6666666666666665
Sleuth,2.6666666666666665
The Recruit,2.6666666666666665
Casanova '70,2.6666666666666665
De Aanslag,2.6666666666666665
Chances Are,2.6666666666666665
American Pie Presents: The Naked Mile,2.6666666666666665
Angel Baby,2.6666666666666665
Krabat,2.6666666666666665
"Paris, je t'aime",2.6666666666666665
Airplane!,2.6666666666666665
The Silence of the Lambs,2.6666666666666665
Chill Factor,2.6666666666666665
Beloved Enemy,2.6666666666666665
In the Bedroom,2.6666666666666665
Chocolat,2.6666666666666665
Borat: Cultural Learnings of America for Make Benefit Glorious Nation of Kazakhstan,2.6666666666666665
Vice Squad,2.6666666666666665
Marie Antoinette,2.6666666666666665
The Patriot,2.6666666666666665
My Super Ex-Girlfriend,2.6666666666666665
The Dark Side of The Moon,2.6666666666666665
To End All Wars,2.6666666666666665
Munich,2.6666666666666665
Spider-Man 2,2.6666666666666665
10 Things I Hate About You,2.642857142857143
Mermaids,2.642857142857143
Mad Max 2,2.638888888888889
The Mask of Fu Manchu,2.6363636363636362
Uncle Buck,2.6296296296296298
The Thing,2.6296296296296298
5 Days of War,2.625
The Assassination Bureau,2.625
Umberto D.,2.625
Good Will Hunting,2.625
Die Perlmutterfarbe,2.625
Vampyr - Der Traum des Allan Grey,2.625
12 + 1,2.6153846153846154
There's Something About Mary,2.611111111111111
Austin Powers in Goldmember,2.607142857142857
Best Seller,2.607142857142857
The Grudge,2.6
"Fratello sole, sorella luna",2.6
Metropolis,2.597826086956522
The Greatest Story Ever Told,2.590909090909091
Elsker dig for evigt,2.590909090909091
Vidas secas,2.576923076923077
El otro lado de la cama,2.573529411764706
Star Trek V: The Final Frontier,2.5729166666666665
Ne touchez pas la hache,2.5714285714285716
The Wrecking Crew,2.5714285714285716
Carry On Cowboy,2.5714285714285716
Kebab Connection,2.5714285714285716
Freedom Writers,2.5714285714285716
Predator 2,2.5625
"Il buono, il brutto, il cattivo",2.5555555555555554
Kolja,2.5508474576271185
Metro,2.5454545454545454
Pornografia,2.5454545454545454
Romeo Is Bleeding,2.54
My Life Without Me,2.5384615384615383
The Vanishing,2.5166666666666666
The War of the Worlds,2.5
Along Came Polly,2.5
Junior Bonner,2.5
Furankenshutain no Kaijū: Sanda tai Gaira,2.5
L'Atalante,2.5
Jack,2.5
Train de vie,2.5
Jésus de Montréal,2.5
Fire,2.5
From a Place of Darkness,2.5
Thumbsucker,2.5
Jungle Fever,2.5
How to Cook Your Life,2.5
Fort Saganne,2.5
Indigènes,2.5
Timecop,2.5
Insiang,2.5
Till det som är vackert,2.5
King Cobra,2.5
Torch Song Trilogy,2.5
A Chorus Line,2.5
I racconti di Canterbury,2.5
Wild Bill,2.5
Alles auf Zucker!,2.5
Чёрная Молния,2.5
White of the Eye,2.5
Julie,2.5
Vaya con Dios,2.5
Alive,2.5
Amos & Andrew,2.5
Interkosmos,2.5
Idol of the Crowds,2.5
Intruder in the Dust,2.5
Trollflöjten,2.5
ビジターQ,2.5
るろうに剣心 -明治剣客浪漫譚-,2.5
Gazon maudit,2.5
The Believer,2.5
Stage Fright,2.5
Dangerous Beauty,2.5
The House of the Spirits,2.5
Beauty Is Embarrassing,2.5
"Der Golem, wie er in die Welt kam",2.5
The Phantom of the Opera,2.5
DragonHeart,2.5
Oscar,2.5
My Super Psycho Sweet 16: Part 2,2.5
Scary Movie 2,2.5
Brødre,2.5
Asylum,2.5
Sabretooth,2.5
"Sherlock, Jr.",2.5
Rånarna,2.5
Benny's Video,2.5
Domicile Conjugal,2.5
Canvas,2.5
Ninja Academy,2.5
Mahakaal,2.5
Cold Steel,2.5
Le fil,2.5
Les Femmes de l'ombre,2.5
The Last Hurrah,2.5
Baciami Ancora,2.5
Shamus,2.5
Basket Case 3,2.5
Nippon Sengoshi - Madamu onboro no Seikatsu,2.5
Scream 2,2.5
Le Fantôme de la liberté,2.5
Le Retour de Martin Guerre,2.5
The Monkey Hustle,2.5
Austin High,2.5
Bloodline,2.5
Batman Forever,2.5
The Ice Harvest,2.5
The Hustler,2.5
Outbreak,2.5
Casper,2.5
Pas si méchant que ça,2.5
Die freudlose Gasse,2.5
Die goldene Gans,2.5
The Astronaut Farmer,2.5
Prince Valiant,2.5
Pillow Talk,2.5
The Collector,2.5
Mississippi Burning,2.5
The Shadow,2.5
Punishment Park,2.5
The Selling,2.5
And the Band Played On,2.5
The Contender,2.5
La montaña rusa,2.5
Pierrot le fou,2.5
Maurice,2.5
Taking Woodstock,2.5
The Road to Guantanamo,2.5
The English Patient,2.5
Rock 'n' Roll Frankenstein,2.5
The Eleventh Victim,2.5
Rambo: First Blood Part II,2.5
The Defector,2.5
L'âge d'or,2.5
Bowling for Columbine,2.5
T.N.T.,2.5
Mercy,2.5
Blondie on a Budget,2.5
Hot Fuzz,2.4838709677419355
The Day After Tomorrow,2.463636363636364
Monty Python and the Holy Grail,2.4615384615384617
Jönssonligan får guldfeber,2.4545454545454546
The Bridges of Madison County,2.45
Transformers: Revenge of the Fallen,2.45
Scary Movie,2.45
The Fountain,2.4473684210526314
菊次郎の夏,2.4444444444444446
Désaccord Parfait,2.4375
Fail-Safe,2.4375
ゴジラvsメカゴジラ,2.4285714285714284
Billy Elliot,2.4285714285714284
Mon oncle,2.4285714285714284
What Women Want,2.4166666666666665
कल हो ना हो,2.4
Hable con ella,2.4
Chasing Amy,2.4
A Beautiful Mind,2.4
The Chronicles of Riddick,2.4
De jurk,2.388888888888889
Antonia,2.38
Zazie dans le métro,2.375
Star Trek III: The Search for Spock,2.375
Les Valseuses,2.375
The Net,2.375
Lara Croft: Tomb Raider,2.375
69 - Sixtynine,2.375
Anne of the Indies,2.375
The Polar Express,2.375
L'arrivée d'un train en gare de La Ciotat,2.3412698412698414
Boogeyman,2.3333333333333335
Turner & Hooch,2.3333333333333335
The Pebble and the Penguin,2.3333333333333335
An American in Paris,2.3333333333333335
Population 436,2.3333333333333335
The Assassination of Richard Nixon,2.3333333333333335
The X Files: I Want to Believe,2.3333333333333335
煉獄エロイカ,2.3333333333333335
Le Gendarme de Saint-Tropez,2.3333333333333335
Severance,2.3333333333333335
Candy,2.3333333333333335
The Whole Ten Yards,2.3181818181818183
Les amants,2.3181818181818183
Citizen Kane,2.3181818181818183
Star Trek: Generations,2.3142857142857145
La strada,2.3125
Hellgate,2.3125
Prospero's Books,2.3
Dragon Hunter,2.3
One Flew Over the Cuckoo's Nest,2.3
Brubaker,2.3
Two Weeks Notice,2.2708333333333335
Crumb,2.25
Star Trek VI: The Undiscovered Country,2.25
Emma,2.25
Veerana,2.25
Desert Saints,2.25
You Instead,2.25
Waqt: The Race Against Time,2.25
蜘蛛巣城,2.25
Elephant,2.25
Ellen DeGeneres: The Beginning,2.25
続宮本武蔵　一乗寺の決闘,2.25
Dixie Chicks: Shut Up and Sing,2.25
Marusa no onna,2.25
Budrus,2.25
Germania anno zero,2.25
Satanás,2.25
4: Rise of the Silver Surfer,2.25
Hidden Assassin,2.25
The Lake House,2.25
최종병기 활,2.25
La Collectionneuse,2.25
Bis zum Ellenbogen,2.25
Десять негритят,2.25
Anatomy of a Murder,2.227272727272727
All the President's Men,2.2222222222222223
I girasoli,2.2142857142857144
"María, llena eres de gracia",2.2
Baisers volés,2.2
The Constant Gardener,2.2
Thunder Bay,2.2
The Men,2.1785714285714284
Jezebel,2.1666666666666665
Lars and the Real Girl,2.1666666666666665
Talk to Me,2.1666666666666665
Mies vailla menneisyyttä,2.1666666666666665
"Ensemble, c'est tout",2.1666666666666665
Ladybug Ladybug,2.1666666666666665
Trouble in Mind,2.1666666666666665
The Driver,2.1538461538461537
28 Weeks Later,2.148936170212766
American Psycho,2.1363636363636362
The Next Best Thing,2.1346153846153846
La double vie de Véronique,2.125
The Bodyguard,2.125
Mujeres al borde de un ataque de nervios,2.125
Hibernatus,2.125
That Night,2.125
The Man in the Iron Mask,2.125
裸の島,2.1
Kill Bill: Vol. 2,2.1
Abraham,2.0319148936170213
8 Mile,2.025
Teenage Mutant Ninja Turtles III,2.017857142857143
赤ひげ,2.0
Rendition,2.0
Absolute Power,2.0
Retroactive,2.0
Body of Evidence,2.0
Momentum,2.0
Pink Flamingos,2.0
Teorema,2.0
21 Grams,2.0
Return of the Ghostbusters,2.0
Ratatouille,2.0
Shrek the Third,2.0
Planet Terror,2.0
Dead Bang,2.0
となりのトトロ,2.0
Dark Wolf,2.0
Человек с киноаппаратом,2.0
Capturing the Friedmans,2.0
ラブ&ポップ,2.0
Damnation Alley,2.0
December Boys,2.0
"Delphine 1, Yvan 0",2.0
Calmos,2.0
Navajo Joe,2.0
Souls at Sea,2.0
Cabin Boy,2.0
"Szerelmem, Elektra",2.0
Nattevagten,2.0
Buio Omega,2.0
From Dusk Till Dawn,2.0
3 Ninjas: High Noon at Mega Mountain,2.0
愛のコリーダ,2.0
Nuovomondo,2.0
Flesh,2.0
Der blaue Engel,2.0
My Blueberry Nights,2.0
A Time for Killing,2.0
How to Steal a Million,2.0
Deux hommes dans la ville,2.0
Riding Giants,2.0
Superbad,2.0
I'll Always Know What You Did Last Summer,2.0
Piranha 3DD,2.0
Uomini contro,2.0
To Die For,2.0
The Wrong Guys,2.0
Manhattan,2.0
El laberinto del fauno,2.0
The Devil's Rejects,2.0
The Diary of Anne Frank,2.0
The Docks of New York,2.0
11'09''01 - September 11,2.0
Beyond Tomorrow,2.0
American Splendor,2.0
Malice,2.0
The Empire Strikes Back,2.0
Thirteen at Dinner,2.0
La passante du Sans-Souci,2.0
Lorenzo's Oil,2.0
Le Charme discret de la bourgeoisie,2.0
Looking for Lenny,2.0
The Last Emperor,2.0
London Voodoo,2.0
The Great Los Angeles Earthquake,2.0
Dr. Who and the Daleks,2.0
Titan A.E.,2.0
The Hire: Beat the Devil,2.0
The Holiday,2.0
Un chien andalou,2.0
The Day After,2.0
Le beau Serge,2.0
Amelia,2.0
Le Secret,2.0
Field of Dreams,2.0
The Bank Job,2.0
The Blob,2.0
Eternal Sunshine of the Spotless Mind,2.0
The Broken,2.0
L'Esquive,2.0
L'Anglaise et le duc,2.0
The Mountain Road,2.0
Le Voyage dans la Lune,2.0
친절한 금자씨,2.0
Me and You and Everyone We Know,2.0
The Hunting Party,2.0
Knight of Cups,2.0
Viva Las Vegas,2.0
The Grudge 2,1.9444444444444444
Iron Man,1.9285714285714286
Judex,1.875
1984,1.875
Gosford Park,1.8333333333333333
Land of Plenty,1.8333333333333333
Visions of Europe,1.7916666666666667
Out of Sight,1.7916666666666667
Dreiviertelmond,1.75
The NeverEnding Story III,1.75
Lara Croft Tomb Raider: The Cradle of Life,1.75
The Illustrated Man,1.75
Sammy and Rosie Get Laid,1.75
My Name Is Joe,1.75
"Crosby, Stills & Nash: Long Time Comin'",1.75
I Heart Huckabees,1.75
Queen of Hearts,1.75
Transamerica,1.7352941176470589
The Party at Kitty and Stud's,1.7142857142857142
L'Ours,1.7083333333333333
The Grudge 3,1.6666666666666667
ドールズ,1.6666666666666667
Nocturna,1.6666666666666667
Don't Lose Your Head,1.6666666666666667
On connaît la chanson,1.6666666666666667
Vivre sa vie: film en douze tableaux,1.6666666666666667
Kruistocht in Spijkerbroek,1.6666666666666667
Indiana Jones and the Temple of Doom,1.6666666666666667
薔薇の葬列,1.6521739130434783
Hatchet II,1.6
Nuit #1,1.5
Catching Hell,1.5
Legally Blonde,1.5
Orlacs Hände,1.5
Les Amants du Pont-Neuf,1.5
The Anniversary,1.5
The Lonedale Operator,1.5
Giliap,1.5
人間の條件　完結篇,1.5
Two Moon Junction,1.5
Smultronstället,1.5
Mammy,1.5
The Queen,1.5
GoldenEye,1.5
Il Divo,1.5
Repeaters,1.5
The Cincinnati Kid,1.5
I Now Pronounce You Chuck & Larry,1.5
Max et les ferrailleurs,1.5
La nave bianca,1.5
Kissin' Cousins,1.5
Three Kings,1.5
Clair de femme,1.5
Tom Horn,1.5
Cidade dos Homens,1.5
The Punk Rock Movie,1.5
Lammbock,1.5
Het dak van de Walvis,1.5
Parade,1.5
Lonesome Cowboys,1.5
The Education of Little Tree,1.3333333333333333
Virtual Sexuality,1.25
Dr. Cyclops,1.2105263157894737
Pi,1.0
Kiss Kiss Bang Bang,1.0
Kingdom of Heaven,1.0
停車,1.0
La dolce vita,1.0
Angels and Insects,1.0
The Philadelphia Story,1.0
Cruel Intentions 2,1.0
Things to Come,1.0
The Ox-Bow Incident,1.0
Groundhog Day,1.0
Ladyhawke,1.0
"Es ist nicht leicht, ein Gott zu sein",1.0
Chinatown,1.0
White Lightning,1.0
Schtonk!,1.0
The Darjeeling Limited,1.0
The Other Side of Midnight,1.0
The Fugitive,1.0
M*A*S*H,1.0
Beverly Hills Cop II,1.0
Flesh for Frankenstein,1.0
Stargate,1.0
"Stewart Lee: If You Prefer a Milder Comedian, Please Ask for One",1.0
The Devil's Own,1.0
Mr. Brooks,1.0
Mosquita y Mari,1.0
Space Chimps 2: Zartog Strikes Back,1.0
Wu Ji,1.0
I Know Who Killed Me,1.0
The Comedians,1.0
The Climb,1.0
The Carter,1.0
Tchoupitoulas,1.0
Abre los ojos,1.0
Wild West Comedy Show: 30 Days & 30 Nights - Hollywood to the Heartland,1.0
Wild Things,1.0
Doom,1.0
Mītobōru mashin,1.0
Himmelfall,1.0
The Kindred,1.0
Toomorrow,1.0
Keine Lieder über Liebe,1.0
Frenzy,1.0
はなび,1.0
Babel,1.0
けんかえれじい,1.0
The Lost Missile,1.0
Cars 2,1.0
Carolina,1.0
Live Free or Die Hard,1.0
Jonny Vang,1.0
Helen,1.0
Canicule,1.0
Hercules in New York,1.0
Bedazzled,1.0
Son of Lassie,1.0
Crash,1.0
Doctor X,0.75
Les Poupées Russes,0.75
Our Mother's House,0.75
Benny & Joon,0.75
Prick Up Your Ears,0.5
Crimson Tide,0.5
Corpse Bride,0.5
Equalizer 2000,0.5
Scandal Sheet,0.5
Omagh,0.5
La Grande Vadrouille,0.5
Tough and Deadly,0.5
El Dorado,0.5
"Dude, Where’s My Car?",0.5
Vatel,0.5
Beş Vakit,0.5
Verlengd Weekend,0.5
The Creature Walks Among Us,0.5
'Gator Bait,0.5
Finder's Fee,0.5
Die Austernprinzessin,0.5
Stranded,0.5
Muscle Beach Party,0.5
First Target,0.5
Zapped Again!,0.5
Na More!,0.5
Der Perückenmacher,0.5
De zee die denkt,0.5
Off the Black,0.5
The Lost Valentine,0.5
